Provider_Name,QualityRate
Dr. Brown,55.00000000000001
Dr. Davis,57.89473684210527
Dr. Garcia,68.78048780487805
Dr. Johnson,54.37499999999999
Dr. Lee,73.23943661971832
Dr. Martinez,57.14285714285714
Dr. Nguyen,76.0233918128655
Dr. Patel,69.82758620689656
Dr. Smith,55.172413793103445
Dr. Wilson,61.33333333333333
